sequence,mfe_structure,mfe_energy,second_best_structure,second_best_energy,d
ACCAGCUUCACUGAUAUCUCGUGUUCGGCUGCGAGAUGGGAGUCUCUCACCCAAUCCUGCGGCACUGCCGUCCACCAA,..(((.....))).......(((..((((((((.((((((.(.....).)))).)).)))).....))))..)))...,-19.299999237060547,..(((.....))).......(((..((((((((.((((((.(.....).))).))).)))).....))))..)))...,-19.299999237060547,0.0
CCGCCCACUGCACUUAAGGCGGGAGCAGCUACGUAGUCGUCGAGGCAUGCCUGU,(((((............)))))..(((((((((....)))...))).)))....,-14.699999809265137,(((((............)))))..((((((.((.......)).))).)))....,-14.699999809265137,0.0
ACGUUCAAAGAGGCGGAUCUCAAUACUCUACCUUAUCAUAAGGGUAACGAGAGCAUUCGUAGCCUUCCGGAAGGCUCCAUGUCACACCGUCAUGGCGUUUCCGCUGUAGAGCAGAGAUUGCCCGACUGUCGCC,.((......(.((((.(((((....((((((.........(((((.((((......)))).))))).((((((.(.(((((.(.....).))))).)))))))..))))))..))))))))))......))..,-39.5,.((......(.((((.(((((....((((((.........(((((.((((......)))).))))).(((((.((.(((((.(.....).))))).)))))))..))))))..))))))))))......))..,-39.5,0.0
UCGAAAUUAUUAAGCUCCCUCGAAGAAAAUUCCGUAUCGACCUAUAGUUAGUGUUGUACCAUGGUCAUCGCUAGU,.............(((....(((.((..((...(((.(((((((....))).))))))).))..)).)))..))),-8.699999809265137,....................(((.((..((...(((.(((((((....))).))))))).))..)).))).....,-8.699999809265137,0.0
CCACUCGCGCAUGUUGACGUCGUGGGAACAAGUUCGUAUUUCUACGAGUUCAUCUCCCGCACGGCCAACCUGAUGUUUUGCCGUCUGGUGUCGUC,......(((...(.(((..((((((((((......))..))))))))..))).)...)))(((((..(((.((((......)))).)))))))).,-27.5,......(((...(.(((..(((((((((..........)))))))))..))).)...)))(((((..(((.((((......)))).)))))))).,-27.5,0.0
UGCAAGGGUCGGAGGGACGAGACACCAGCGGCCCCUGCGCACGCAAACUCUUGAUAGACCAUGGGGAUAAUCUCAACGGCGACCCCUUUCU,.(((.((((((..((.........))..)))))).)))..........(((....)))....((((....((........)))))).....,-23.799999237060547,.(((.((((((..((.........))..)))))).)))........................((((....((........)))))).....,-23.799999237060547,0.0
AGGAUCCAUUGGAUCUAUCCUGCGUACCGCAUACGUUCACUUCGGCGAUAGGGACUUUCCCUCUGACACACGGGUCAGCCCACUAAUCUAGACUACCGACGUGGGCUCCCGUAUUUU,.((((((...))))))....((((...))))..........((((....(((((...)))))))))...(((((..(((((((...((.........)).)))))))))))).....,-35.400001525878906,.((((((...)))))).....(((((.....))))).....((((....(((((...)))))))))...(((((..(((((((...((.........)).)))))))))))).....,-35.400001525878906,0.0
UUAAGGUCAGAACCCCACUUCCGGUCCAUUAGAACACCUCGGGACUGGCCACCGG,....((((((...(((......(((..........)))..))).)))))).....,-11.699999809265137,....((((((...(((........((.....)).......))).)))))).....,-11.600000381469727,0.09999942779541016
CGGGCUGAUAUUAUAAUGAAUCGCGAUGGUAUCUUUUGGUCUUCCGUGCCUGUGACAGGUCCGGUUUGGGGGUUUGACCUGGGCCUUCUAUAUGUACCUAGAUAGACGAAGACAAG,......((((((((..((...))..))))))))((((.((((((.((((.((((..((((((((((.........)))).))))))..)))).))))...)).)))).))))....,-29.600000381469727,......((((((((...........))))))))((((.((((((.((((.((((..((((((((((.........)))).))))))..)))).))))...)).)))).))))....,-29.600000381469727,0.0
ACGAGCACAGGGUGUGACGCUGGAACUCCUGUACGGCUUGGCGCCCAGCUAUUCCAAAUGAUACACCUUGCAUUAAAGAAACCGUCGCAAUCGUGCUAAUUCUGCAUAACAUCGUUAACGGCC,.......(((((((((.((.(((((...(((...(((.....))))))...)))))..)).)))))))))...........((((((.....((((.......)))).....))...))))..,-29.399999618530273,.......(((((((((....(((((...(((...(((.....))))))...))))).....)))))))))...........((((((.....((((.......)))).....))...))))..,-29.200000762939453,0.1999988555908203
UGCUUAGAAAAGGGGCGAACCAUGUGACAACCGCCGGUCCGAUGAAGGUACCCACCAAACCGAUGUCAACGUGUGAUCUGUUCAUGGGAAGGCAAUCAAGGCUUUUUCAGAUAACUGUUAGGCGUUUGACAA,.............((((..............))))(((((......)).)))...........(((((((((.((((..(((..(((((((((.......)))))))))...))).)))).))))).)))).,-34.20000076293945,.............((((..............))))(((((......)).)))...........(((((((((.((((..(((..(((((((((.......)))))))))...))).)))).)))).))))).,-34.20000076293945,0.0
GGGCCCGUGAAUUGCGGGAUCGCCGUUGUCGUGGCCUCGAAGUCGGCCCGACGGGUGAAGCCGUACGUCAUUCGGUUUUGGGUUAACAAU,.(((((((((..(((((..(((((..(((((.((((........))))))))))))))..)))))..))))........)))))......,-37.099998474121094,.((((((((((((((((..(((((..(((((.((((........))))))))))))))..)))))....)))))....))))))......,-37.0,0.09999847412109375
GAUGAUGUCGUGAAUUAGACUCAGCACCUGAUCCAUGCUAAUCAACCCGGCCCUCACGGAGCGCCAUAGGGCUAAUUCCGAUAAAUCGGCGGAGUCAAGAUACGAGGAGGCAGAUGGGUACCGUCACACUUCCCGGUUCGAGUGUGAAUAAUUGGACCCCCUUC,(((..(((((.(((((((.(((((((.........)))).........(((.(((...))).)))...))))))))))))))).)))((.((.(((..((..((.(((((..(((((...)))))...)))))))..))...............)))))))...,-46.0,(((..(((((.(((((((....((((.........))))......((((((.(((...))).)))...))))))))))))))).)))((.((.(((..((..((.(((((..(((((...)))))...)))))))..))...............)))))))...,-45.599998474121094,0.40000152587890625
UACACGUACAUUCGAUGAGUCACGCGCGAAGACACGCAAGUGCUAACAACCAAACUAGGCUGGCCUAUUAGUCUAAAUCGUAUUCAACUUGCUUAUUCUCACGAA,..........((((.((((.(((..(((......)))..))).............(((((((......)))))))....(((.......))).....)))))))),-17.399999618530273,..........((((.((((.(((..(((......)))..))).............((((((((....))))))))....(((.......))).....)))))))),-17.299999237060547,0.10000038146972656
AGCGACGUUUUCGGCCA,..(((.....)))....,-0.699999988079071,.((..........))..,-0.30000001192092896,0.3999999761581421
GUCCUCUCCAUUCAUCUCCUAACUCUUAAGCGUUAGUUAGCAGCUUGUCCGCGCGGACGAGGUCCUUCGUCCGGUUUUUAGGU,..................(((((........)))))......(((((...((.((((((((....))))))))))...))))),-19.200000762939453,..................(((((........)))))......(((((...((.(((((((......)))))))))...))))),-18.799999237060547,0.40000152587890625
CUCGCUGUCGUAUCAGAGGGCCAUAUAGAGGGACGGUCGAGUUCGGAGUGCUUUGUGGACACUGCGAAUAACUCCUAAUUCGCGCUCGAGGUCACAAAAAACCCGGCCCGGUAAUAGGAGCGGAG,.((((..((.(((....(((((.......(((.((..((((((.(((((..(((((((...)))))))..))))).)))))))))))(.(((........)))))))))....))).))))))..,-39.20000076293945,.((((..((.(((....(((((.......(((.((..((((((.(((((..(((((((...)))))))..))))).)))))))))))..(((........))).)))))....))).))))))..,-39.20000076293945,0.0
AGCGUUAUUUUCUGGAGCCAUCCCGAAAUUUGGGGGUUACUUUCCCUGUGGACGAGAGGGGUUUGGGUUGCCUAUCAAGGGUCUUAGAAUCAAUG,.........(((((((.((..(((((...)))))(((.(((((((((.(.....).)))))...)))).)))......)).))).))))......,-24.100000381469727,.........(((((((.((..(((((...)))))(((.(((((((((.(.....).)))))...)))).)))......)).)).)))))......,-24.100000381469727,0.0
CGCUGCCUAAAGUGCAGGAUUCGGGUAUAUAACCACAGGUGUGU,..(((((....).)))).....((........))..........,-5.699999809265137,..(((((....).))))......(((.....)))..........,-5.599999904632568,0.09999990463256836
CUGACGUUGCCGGCUAUUCGGCACGCUACGUGGCUCCGAUUAGAGACAACAGCGCCCUAUGCCAGGGCGCGUUAGCCCAUAUUCGUCUCG,..((((.....(((((.((((((((...))))...))))............(((((((.....)))))))..)))))......))))...,-29.799999237060547,.(.((((((((((....))))))....)))).).........((((((((.(((((((.....))))))))))...........))))).,-29.600000381469727,0.1999988555908203
AUAGGCAUUUGCUGUUCGUCUUGGACCGGGUAAUCAGAGGGUUCCGCCUGAAUAAGUAUCUUUACUCACCGAGUUUCUAACGACCACAUCAAGGCCCAAUCCUUAGGAAGGGUCUCGAAACG,...(((....)))(.(((((((((...((((((((((.((...))..))))..........)))))).)))))......)))).)...((.((((((..(((...))).)))))).))....,-26.600000381469727,.........((.((.(((((((((...((((((((((.((...))..))))..........)))))).)))))......)))).))))((.((((((..(((...))).)))))).))....,-26.600000381469727,0.0
GUGCAGAGGUCCCAGCAUUGCUCCUAUACAUUAGGUGAGCGGUGCGAUCCUGCUCUUACGCCAGCACCCCGUCGAUAGCCGUCAGGCAUUCAACGAGUUCUUUUAUGUGAGUUGCGCACACAAGAGUGCUG,(.((((.((((...(((((((((((........)).))))))))))))))))).)......((((((..(((.((..(((....)))..)).)))...((((...((((.....))))...)))))))))),-43.70000076293945,(.((((.((((...((((((((((((.....))))..)))))))))))))))).)......((((((..(((.((..(((....)))..)).)))...((((...((((.....))))...)))))))))),-43.599998474121094,0.10000228881835938
UAAUACCUGGUAUACCCUCGGCUAAUAAAUACUGCCGCGGGGACGGCGGACGAGAAAAAGAUCUAG,......(((.(...(((.((((...........)))).)))...).)))...(((......)))..,-15.899999618530273,......(((.(...(((.((((...........)))).)))...).))).................,-15.899999618530273,0.0
ACAAUGCGUCCUAUGGCAGGGGAUAGUUUUGGUGGUAAAUCCUGGGUGAUGUAACAGGUAGCGUCUUCGUGCUCUGAGCUUUA,....((((((((....(((((..((.(......).))..))))))).)))))).((((..(((....)))..)))).......,-16.100000381469727,....((((((((....(((((..((.(......).))..))))))).)))))).((((((.((....))))).))).......,-15.800000190734863,0.3000001907348633
ACAAGAGUAAACCAGUGGUCCCUAAUGGGGCGGGCAAACUCCCACGGACGUUCGCUGUAGCCGCUAUCGCCCCUGUCGCAGGUUGCAU,.................(((((....))))).(((.((((((...))).))).)))((((((((.............)).))))))..,-23.0,......((((.((.((((........(((((((((.((((((...))).))).)))((((...))))))))))..)))).))))))..,-22.799999237060547,0.20000076293945312
GCCUUAAAGCUCUUACGGCCGUGUCUUAUCCACCCUAAGCUACGUUGCCGACCAUGCGACAUAAUACUCUCACCUGGCACACAAACCGUCUUGCACGCUUAGGGCCG,(((.(((.....))).))).............((((((((...(((((.......)))))................(((.((.....))..)))..))))))))...,-21.399999618530273,(((((((.((.....((((((((.((((.......)))).))))..)))).(((((.((........)).))..)))....(((......)))...)))))))))..,-21.299999237060547,0.10000038146972656
GAUUGAUAUCUAAUGGUGUACGUUGGUCCGAUCCCGAUUCGAGGUAUCGUUUACUGGUCACUCGAAUAGACAGAACUCCAAGUAAAUGAACGGUGGUUGCAGCCUU,(((((....((((((.....))))))..)))))((.......))..(((((((((((((..((.....))..))...))).))))))))..(((.......)))..,-21.100000381469727,(((((....((((((.....))))))..)))))((.......))..(((((((((((((..((.....))..))...)).)))))))))..(((.......)))..,-21.100000381469727,0.0
UCGGCGCCUUGUAAAUUAGACGUAAUGGAUCGGACCUCUUCGAUGGAAAAUAAUCUUGCGCUAUAGUGGCGGCUUGUCGUGCGUACCGCCGCAUUCC,..(((((.......((((....))))..((((((....))))))(((......))).)))))...(((((((..(((...)))..))))))).....,-23.100000381469727,..(((((.......((((....))))..((((((....)))))).............)))))...(((((((..(((...)))..))))))).....,-22.799999237060547,0.3000011444091797
UUAUCCCUCGCAUAAGCAUGCCAGGAGUCACCAUGUGUGGUAUACCAAUGCAUGAGAUCUACCCAGUUCGUAUAAUUAAUACGCGGCGGACCCAACAGUGGUAGGGCAUGGGUGCGCUCACGAGGUUUUUAGGUCGGGUUAAC,.....(((.((((....)))).)))......(((((((((....))).)))))).((((((...(.(((((.............((((.(((((...((......)).))))).)))).))))).)...))))))........,-37.599998474121094,.....(((.((((....)))).)))......(((((((((....)).))))))).((((((...(.(((((.............((((.(((((...((......)).))))).)))).))))).)...))))))........,-37.599998474121094,0.0
GGUGCAUUUGCCAUGAGGGAUGCCUCCGGUAGCCUAAGCACACCUUAGGACGAAAACGUCUCCUUCCAGUACGUUGGCCGCCUUAGAACC,.((((..(((((..((((....)))).))))).....))))..((.(((.((..(((((((......)).)))))...))))).))....,-24.200000762939453,.((((..(((((..((((....)))).))))).....))))..((.(((..(..(((((((......)).)))))..)..))).))....,-24.0,0.20000076293945312
UUUUCCAUUAUAGACUAUUUAUACCAGUUAUUAAGGUCCGGCCACCGCACGAACAAGUAAUAACUUGCACUCGACCACGCCACCACGGGACCCUACUGGUUCCCGGGGUUGACGGCACUUAUC,.......(((..((((.........))))..)))((((((((....)).))..(((((....))))).....))))..((((((.(((((.((....)).))))).)))....))).......,-28.700000762939453,.........................((((((((..((.((((....)).)).))...))))))))(((..((((((.(.......(((((.((....)).))))))))))))..)))......,-28.700000762939453,0.0
CCAGCUUGACAAUACGCGAAGUUCACGCAAGGUUUCACCCGGAG,..(.((((.....((.....)).....)))).)...........,-3.5999999046325684,....((((.....((.....)).....)))).............,-3.5,0.09999990463256836
UGAAGCGCCCGACCUUGCCUAACUCUGAGACGAUUAUUUCUUACUUGACGUUAGGGGUACGGCGGAAACAGGCUGGGGAGCAGAUGACGAGAGAUCUAGUAAUCAUA,....((.(((.((((((((..(((((..((((.(((.........))))))).)))))..)))).....))).).))).)).(((.((.((....)).)).)))...,-26.600000381469727,....((.(((.((((((((..(((((..((((.(((.........))))))).)))))..)))).....))).).))).))((((........))))..........,-26.399999618530273,0.20000076293945312
AACGGGUUUGCAAACAUAUCGGUGCAUGCAUAAACUGUCUGCAUGGGCAGUGUUCAAAUGACCUUGAAUUCAACAUAGCGCCGAGGUAACAAAGUUGAUCGGUUCUGCGCUUUAAGUCUCCGGUACAGAGGCGAAGCAUCUUGAGGG,(((.((((.((.......((((((((((.....(((((((....)))))))((((((......))))))....))).))))))).........)).)))).)))....(((((..(((((.......))))))))))..........,-36.400001525878906,..((((..(((.......((((((((((.....(((((((....)))))))((((((......))))))....))).)))))))..............(((.(((((.(((..........))).))))).))).))).))))....,-36.29999923706055,0.10000228881835938
CCUAGGUUCUGGCGUACCAGAUUAGUGUAACCAGGUCCGAGAUCAGGCGCCCUACGAUGUCCGCAAUAUCGUAGGCGGGUACUUGAAACAAGGAAGGUUCCAU,.......(((((....)))))...(((.((((...(((....((((((.(((((((((((.....)))))))))).).)..))))).....))).)))).))),-32.0,.......(((((....)))))...(((.((((...(((....(((((.((((((((((((.....))))))))...)))).))))).....))).)))).))),-31.899999618530273,0.10000038146972656
GAGAUCAAACCUGCCAAAGACAUGUCACGAGUAACUUGUGGAGUUCCAAUUGAUCAGUCACAUC,..((((((...((.....(((...(((((((...))))))).))).)).)))))).........,-9.399999618530273,..((((((...((.....((....(((((((...)))))))...)))).)))))).........,-9.100000381469727,0.2999992370605469
GUCGUGGACUUCGAUUAGAAUAUUUCGACAUAGUCGAUUCUAGCAAAUAUACAACGCCCGCCACUUAUA,((.((((........(((((....(((((...))))))))))((...........)))))).)).....,-10.199999809265137,...((((....((.((((((....(((((...)))))))))))...........))....)))).....,-10.199999809265137,0.0
CUGCCCUACCUCGGUGCGGUUUUAGGCGUCAUACAACUGAUCGUUCCGUCCGGCCUCU,..(((......(((.((((((..((..((...))..)))))))).)))...)))....,-12.5,..(((......(((.((((((..((...........)))))))).)))...)))....,-12.199999809265137,0.3000001907348633
GCCGGGAGUGGUCGCGAUUUGACUGGUCCGAAAUGGAAGAAUACUACGUGUUUGUGCGCGGCGUUGCUUUGGACUACGAUUGUUCUAUCACCAUAAUGGACUAGCGUGCCCAAUCAGAGAGAGCCUACCACGGAGUAGGGCCGUCCUAC,.(((((((.(.((....(((((((((((((..((((.((((((.(.((((...((.((.(((...))).)).))))))).))))))....))))..)))))))).........)))))..)).))).)).))).(((((.....))))),-40.599998474121094,.(((((((.(.((....(((((((((((((..((((.((((((...((((...((.((.(((...))).)).))))))..))))))....))))..)))))))).........)))))..)).))).)).))).(((((.....))))),-40.599998474121094,0.0
GGUCAUUUAAAUCCCUCCAUGUAUAGUCGUCUUCAACUGGCCGGCACUGCGCCAGGAAGACCCAGUGUAAGGGUCAG,............((((.....((((.(.((((((..(((((((....)).)))))))))))..).))))))))....,-19.700000762939453,............((((.....((((...((((((..(((((((....)).)))))))))))....))))))))....,-19.600000381469727,0.10000038146972656
GACUCCUGUUAUGAUCGACUGAGCCCCUGGAAACAAGUAAACAGGAAAGGUUAUGGUGUCGAGCACGGAUGGAACAAAGCCAAGGUCGACCGUUAUAACGCCUAGGGCUAGCACGGCGCUAGAAGUGC,...(((.(((.((.(((((..((((((((............))))...)))).....))))).))..))))))....((((.(((.((..........)))))..)))).((((..(....)..)))),-32.0,...(((..((.((.(((((..((((((((............))))...)))).....))))).)).))..)))....((((.(((.((..........)))))..)))).((((..(....)..)))),-31.799999237060547,0.20000076293945312
CGUUCACGGACCUACGGACUGAUUGCAUUGGGAUGUACAUCCAAAGCAGCUUCUCCUCUACUAGUCACCAAUAC,........(((....(((....((((.(((((.......))))).))))....))).......)))........,-10.100000381469727,........(((....(((....((((.((((.........)))).))))....))).......)))........,-9.899999618530273,0.20000076293945312
UGUACAGACAACAGACUAAAGGUCGGGUAUAUCUGUGAGGGUUGCGGUGUGUUUCGGGAUGUCCACUUAUUUUAGACCAUUCCUUUCAC,.................(((((...(((......(((((((((.(((......))).))...)).))))).....)))...)))))...,-16.0,.................(((((...(((..((..(((.(.(((.(((......))).))).).)))..)).....)))...)))))...,-15.800000190734863,0.19999980926513672
ACGAUACAAAGUGCUAAAAAGCAAGGGCUGAACGGAAAGAUAACGAUCAAGUAAUGCUUUGACAAAUCAGAAAAAACGCCAGGCGU,.................((((((...(((((.((.........)).))).))..))))))...............((((...)))),-11.5,.................((((((...(((((.((.........)).)).)))..))))))...............((((...)))),-11.5,0.0
ACUUAUGACCCCUCAGUUCGGUAACAACUAACGAAUUCUUAUUUUAACCAGCAACCGGGCUUGGCUGGCCCGCCUGCCCAAAGUUAUCUGCAUCAUGAAAACUGCAGCCUUUCCCGAACUGGAGGCAGAAGCAGGGGAUAAUCACUCAAAUGGGCUCAUAAAAGG,..((((((.((((((((((((.............................(((..((((((.....))))))..)))..........(((((..........)))))......)))))))))..((....)).(((........)))....))).))))))....,-42.29999923706055,..((((((.((((((((((((.......................((((..(((..((((((.....))))))..))).....)))).(((((..........)))))......)))))))))..((....)).(((........)))....))).))))))....,-42.099998474121094,0.20000076293945312
CUCCCGACCCCCGUUAAGGAGGCCGUCCUGUCCCCCCACAUUCGUAACGAGACAAAUUAAUCGUCGGAAGGGCCAGCGCACUUCUUAAGCGGACCCUUGUCCAG,..........(((((.((((((..((.(((.(((......((((..((((..........)))))))).))).))).)).)))))).)))))............,-23.899999618530273,..........(((((((((((..((..(((.(((......((((..((((..........)))))))).))).)))))..)))))))).)))............,-23.600000381469727,0.2999992370605469
GCUCUAACCUUUUUGAAUCGCCCGGACCAUAUAAAUAGCCUUGGCCGUGCGUACAACAGGCCGGAAACAAGCACAUUCACU,(((((..(((..(((...(((.(((.(((............)))))).)))..))).)))..))).....)).........,-16.0,..(((..(((..(((...(((.(((.(((............)))))).)))..))).)))..)))................,-15.899999618530273,0.10000038146972656
GGCGUACCUAGUUGAUAUUAGUCGUUCACGACCUUGCCCGGUUCCAGAUUCGAUCCUUGAAUGUGCCUUAAACUGUGUCAGGGGU,.(((...(((((....))))).)))......((((((.(((((.((.((((((...)))))).)).....))))).).)))))..,-17.700000762939453,.(((...(((((....))))).)))......(((((.((((((.((.((((((...)))))).)).....))))).).)))))..,-17.700000762939453,0.0
UCCAGGUAGCUGACUGCUUCUUUCCUGUACUUUUUAACCUCCAGGGAUACCAGUCGAGGUCAACGUUGAGGUACUCCAGACCUUAACCUUAGAAGCUCGUUUUGGUCUAUUGGGGCUGCAACCGGUUCAUGGG,.(((.(.(((((..(((.....................((((((....(((((.((((.((((.((((((((.......)))))))).)).))..))))..)))))...))))))..)))..)))))).))).,-34.29999923706055,.(((...(((((..(((.....................((((((....(((((.((((.((((.((((((((.......)))))))).)).))..))))..)))))...))))))..)))..)))))..))).,-34.0,0.2999992370605469
AACGCACUUCCAGGAGAAAUGGCUCCUAGGUCAUCAGUCCUAACCGUGGUCCGCCGUAAGAUUUCGUAUUUUCUGGUGAAAAGCACUAUCCGUGCAAGUGCUGUCCAGCAA,...(((((((((((((......))))).))(((((((.......((.((((........)))).))......)))))))...((((.....))))))))))..........,-30.100000381469727,.(((((((((((((((......))))).))(((((((.......((.((((........)))).))......)))))))...((((.....)))))))))).)).......,-29.700000762939453,0.39999961853027344
ACUUACCGUAACGACAAGUCACCCCUAGCGGCGGCGCUCAGUACAUUAGACCCCGCAACGCAGUAGCCCAUAAAAAAACCGGGACCGAUGUAGGAUU,.(((((.((.((.....)).)).....(((((((.(.((.........)).)))))..))).....(((...........)))......)))))...,-14.800000190734863,.(((((.((.((.....)).))..((.(((((((.(.((.........)).)))))..)))))...(((...........)))......)))))...,-14.699999809265137,0.10000038146972656
AUCCGGCAAGUUCCGUCACAGUCAGGUACAGUGGCGCAAAGAUGUACGACGGCCUGCGGGAUCA,((((.(((....(((((........(((((............))))))))))..))).))))..,-17.299999237060547,((((.(((.(..(((((........(((((............))))))))))).))).))))..,-17.200000762939453,0.09999847412109375
CACAAUCGGCCAGAGCAAGCCGGAAUAUUAAUCGGCUGCACGCAUGUGAGUUCAUCAAUUAAACAGUAGCAUAUCGG,......((((........))))............(((((.......(((.....)))........))))).......,-13.100000381469727,.....(((((........)))))...........(((((.......(((.....)))........))))).......,-12.899999618530273,0.20000076293945312
GCAUUUAGUAUCUGCCGUGAUGAUUGCUUUAAUCACAACAUUGCGGUCUAGCCCGCUUUCAACAAUGCCGUCAAUAUGGCUGAAUUUUUACUGG,.....(((((((.((((((.((((.((...............((((......))))..........)).)))).)))))).)).....))))).,-20.200000762939453,....((((((((.((((((.((((.((...............((((......))))..........)).)))).)))))).)).....)))))),-19.899999618530273,0.3000011444091797
UUUAGUAUUACAACAUUCACUUGCACGGCUUAGAGUUACCUAUCAAUACGUGACGACUCCUUUGACUAGUGGGCCCUGUACAUAAUAAAAACUAGGAGGAGUUCCAUUACCUUCACGUGCCUUGACGAGUGAAAGGACAGAUGACUC,...((((((....(.((((((((((.(((.(((......))).....((((((.((((((((...(((((....................))))))))))))).........))))))))).)).)))))))).)....)))).)).,-32.70000076293945,...((((((....(.((((((((((.(((.(((......))).....((((((.((((((((...(((((....................))))))))))))).........))))))))).)).)))))))).)....))).))).,-32.70000076293945,0.0
CGAGAGACGAUGAAUUCGCAGAGUAGGACGCCAUUCAGUCCUCCGCGUCAUAGCUUCUUCGUAUAUUAGCCUAGGGCAUUGG,((((((.(.((((...(((.(.(.(((((........)))))))))))))).).)))).)).......(((...))).....,-18.299999237060547,((((((.(.((((...(((.(.(.(((((........)))))))))))))).).))).))).......(((...))).....,-18.299999237060547,0.0
AAGUAACAACACCCACUAGUAAUCACUUUAAAAAUGGGUCCAAGGACAUAGAGACCCC,...................................((((((.........).))))).,-6.599999904632568,...................................(((((............))))).,-6.300000190734863,0.2999997138977051
GAAAUGCUUUGCUAUUAGGCGGUUUUUACCAAGAUUAUAGAUCGCGUGGCUCCAAAGUGCUAGAUGCAACUUCAAACUCAUGUUUCGUGAGGAUGCCUCUUUCUCGAAAACGU,.....((((((...(((.(((((((.............))))))).)))...))))))(..(((.(((.((((((((....)))...))))).))).)))..)..........,-24.0,.....((((((...(((.(((((((.((.......)).))))))).)))...))))))(..(((.(((.((((((((....)))...))))).))).)))..)..........,-23.899999618530273,0.10000038146972656
AGGUCACUCGCGCAGCUCGGCCACUAGGUUAACGGGCACCAGUGUAGCGGGAAAGACCGUCAUAUGGGCGUGGAGGAUGUGAGCUCACGAUGUCGGAGCGCCGGCUAACAGUGCCCUG,.((((.((((((((((((((((....)))...))))).....))).)))))...)))).......(((((((..((.((.(.((((.((....)))))).))).))..)).)))))..,-41.29999923706055,.((((.((((((((((((((((....)))...))))).....))).)))))...)))).......(((((((..((..(.(.((((.((....)))))).))..))..)).)))))..,-41.099998474121094,0.20000076293945312
CAUAAGAAAGACGGAAGCAAGCUUUAGCGUACUGUGUGUGUGUC,((((......((((..((........))...))))...))))..,-4.900000095367432,........(.((((..((........))...)))).).......,-4.900000095367432,0.0
UGAGAAACAAAUAAUAGGUGUAACGGUAACGGCACAGAGGCCAUGCGCAAAUUAUCUCUCCCGCUUAGCCGUAUAUCCCUCGUAACGGGGUAAACG,................((((((.(((((((((...(((((..((......))..))))).))).))).)))))))))(((((...)))))......,-20.5,................((((((.(((((((((...(((((..((......))..))))).))).)).))))))))))(((((...)))))......,-20.5,0.0
UGAGGCUCUCGACCUAAAAAUACGACCGAAAUGUUAUUGACAGCUCUACUCACGGUA,(((((((.((((........................)))).)))....)))).....,-4.400000095367432,..((((....).))).........((((...((((...))))..........)))).,-4.099999904632568,0.3000001907348633
GUGGUCAACCUGUCUAUUGGAACCCUAAACUCCUCAAGCUUGAAGCAUUCGGCGGUCAUCCGAGUAAAUAAGACAAGCUGAAACG,((..(((.(.(((((...(((.........)))....(((...)))((((((.......)))))).....))))).).))).)).,-14.0,..(((...((........)).))).........(((.(((((....((((((.......))))))........))))))))....,-13.800000190734863,0.19999980926513672
UGUGACAGCUUCACGGCCGUUGCUCUUGGGCAGAUAUAGCUUUCGCGAGACUAUUAGCAAUCCAAAGUGGACGCAAGCAAUCUAACA,(((((.((((.....(((..........)))......)))).)))))(((......((..((((...)))).))......)))....,-17.799999237060547,(((((.((((.....(((..........)))......)))).))))).........((..((((...)))).)).............,-17.600000381469727,0.1999988555908203
GCAUAACUGUACCUGCAGGAGUUAUCCUCAUUUACCUGCACCUCCGAUA,.............((((((...............)))))).........,-7.400000095367432,(((.....(((..((.((((....))))))..))).)))..........,-7.300000190734863,0.09999990463256836
UGCGACGGUGCAUAAAUCAAGCAGACCGGUGAGCGCACUAAAUGUGCUUAUAAGGUCAGCUGCCACUGCAACGGAAGUGAUAGAAAAUUUUUCCGUCUCGACCCCCUCUAAGCGCUGCUCGAGAAAAAAAACUCUCACCCAGUGUAUCAUGCGCUAAAGGAA,......(((((((......(((.((((.(((((((((.....)))))))))..)))).)))((....)).(((((((............)))))))...............((((((...((((........))))...))))))...))))))).......,-46.599998474121094,(.(...(((((((......(((.((((.(((((((((.....)))))))))..)))).)))((....)).(((((((............)))))))...............((((((...((((........))))...))))))...)))))))...).).,-46.29999923706055,0.2999992370605469
AUCAGUAUAUCCUAUAGUCCUGCCAAUUAAUGGUUGGCAUCAAUAACGUUCAGCGAUUGGAGCAGUUUAGAUGCUUAAUGCCAAGCGCCCCUGAACUUCACG,....................((((((((...))))))))........((((((((.((((((((.......)))).....)))).)))...)))))......,-22.600000381469727,....................(((((((.....)))))))........((((((((.((((((((.......)))).....)))).)))...)))))......,-22.5,0.10000038146972656
CUCACUUAAGUUCCCAGUUUUCAACCCAUUACUCAUGCAGUCUGGUUAAUCAGAGGCUAAAACAAGUAACCAAAGGGUUA,......................(((((.(((((...((..((((......)))).)).......))))).....))))).,-10.600000381469727,......................(((((.(((((...((..(((((....))))).)).......))))).....))))).,-10.5,0.10000038146972656
AGGCUUAUGUUACAACGCCCUCUGAAGAGGGAAGUGCACAGACUCGUGCCCCGUGUUCGUUAGACCACAUUUGCCUUCUUACGCUAGCCUCUGGGUGCUGGAAGAUCGCAA,.((((.(((..(((.(((((((....)))))....((((......))))..))))).))).)).))....((((..((((...(((((((...)).)))))))))..)))),-28.0,.((((.(((..((.((((((((....)))))....((((......))))..))))).))).)).))....((((..((((...(((((((...)).)))))))))..)))),-28.0,0.0
CCCUCAGAGCGACCGAUACUGCGCGGUUCACGACGUUCGAAAAGUGUUCUUGUAGCUUCGGUUAGCCUUAUGAAGUGUGACCAUCGUAGGUAGCAAAUCGGGAGCUUCUUA,......((((..(((((.(((((((((((((.((.((((..(((.((.....((((....))))))))).))))))))))..)))))..))))...)))))..))))....,-28.399999618530273,(((..((.((((((((..(((((.((..(((............)))..)))))))..)))))).))))...((..(((.(((......))).)))..))))).........,-28.200000762939453,0.1999988555908203
UACAUGCAUGUUCUACGAUUCUCUUCCAAGCGUGAGACGCAAUAGUAGCCACCAGAAAUGAGGGAUGCCGGUAUGACCUUUCGUCG,..(((((.((................)).))))).((((.....(((.((..((....))..)).))).(((...)))...)))).,-12.899999618530273,..(((((.((......((......)))).))))).((((.....(((.((..((....))..)).))).(((...)))...)))).,-12.699999809265137,0.19999980926513672
UCCGCCUUUUAGCGAGUGUUACUGUGUUAUUUGUCCGUAUGGAGUCCUUAGAAUAUUGCGUAGCGGUUAGGCGUCCUUCCGGGGUGAAAGAUUCAAAUUGACUCAAAUUUCUCACGAGCCCUUCUA,..(((((......((.((((((.(((((.....(((....)))........)))))...)))))).))))))).......(((((....((...(((((......))))).))....)))))....,-23.799999237060547,..(((((......((.((((((.(((.(((((.(((....))).......))))).))))))))).))))))).......(((((....((...(((((......))))).))....)))))....,-23.799999237060547,0.0
UCAUAAAAUUAUCGGAGGGUGUUUCUGCUUCAAAUACCGAAAUACAUUGCAUAACCCGCCCACGUAGCCAUACGGACAUCUCGCCGUCGUACCGUCGGCCGGGAUGGCUUAUCAGCCCACUAUACUGAGAAAAAAUAUAUUUCGGAAAUCACCCUCGUCUACGCUA,..............((((((((((............((((((((.(((((.......))...((((....))))..((((((((((.((...)).)))).)))))).....((((.........)))).....))).))))))))))).)))))))..........,-40.29999923706055,..............((((((((((............((((((((.(((((.......))...((((....))))..((((((((((.((...)).))).))))))).....((((.........)))).....))).))))))))))).)))))))..........,-40.29999923706055,0.0
AUACCCUAGUUAGCAUGACAUAAAAUCGCAGCAUCAUUCCGUUGCUAAUACACAAGAACCAUACAGGUGCAAGGUCCUGCUCCUUACCACUGGGAGCCUACAUGGAACCGUCAGUUUGCAUCACGGCGACCGUGUGACGCG,....((((((.((((.(((........(((((........)))))............(((.....))).....))).)))).......)))))).((.(((((((...((((.((.......)))))).)))))))..)).,-31.399999618530273,....((((((.((((.(((........(((((........)))))............(((.....))).....))).)))).......)))))).((.(((((((...((((............)))).)))))))..)).,-31.299999237060547,0.10000038146972656
CGUGGAUUUGAGCACCUCAAACAGUGAAAGUUACAGUCGUGACCGCUAGCGCACGUGAAGGUGUGGCGACUCUACCCCAGUAACAUAGUCUGUGGCCUUGUACGUGAAAGAGUCGGACGACU,......((((((...))))))..((((...))))((((((..(((((....((((((.(((.((.((((((.(((....)))....)))).)).))))).))))))....)).))))))))),-31.899999618530273,......((((((...)))))).............((((((..(((((....((((((.(((.((.((((((.(((....)))....)))).)).))))).))))))....)).))))))))),-31.799999237060547,0.10000038146972656
CUUCAUAUGUCAAAACUGCUAGUUUAAUAUACAUAUUGUUGGGAACGGUCCUGCCAUAGACUCUCAAAGAGUCCAAGAGGGGCUGCAGCGAAUUCAGUAGUAGCUGGGCC,..................((((((...(((.....((((((....(((((((......((((((...)))))).....))))))))))))).....)))..))))))...,-25.5,....((((((..(((((...))))).....))))))(((((....(((((((......((((((...)))))).....))))))))))))..((((((....))))))..,-25.299999237060547,0.20000076293945312
AGCUUACAUGGUAUUGACUCUGCGGAACCGGAACACGAUCGCAAUAGGUCAGAUUAACGCCAAUCAAAACCUGUCACGCUGCGAGCCGCCGGACGGUCUGACAGUCUAUAUUCACAAAACCCCUUUAUCAUAUAGGCUCCAAGAGUCCUAUCUACUG,.........((((..((((((.((((.(((.....((.(((((((((((..((((......))))...)))))).....)))))..)).....)))))))..(((((((((..................)))))))))...)))))).)))).....,-35.29999923706055,.........((((..((((((.(((.((((.....((.(((((((((((..((((......))))...)))))).....)))))..)).....)))))))..(((((((((..................)))))))))...)))))).)))).....,-35.29999923706055,0.0
GGGAUCUGCGCGACGGCGAAGUGCCCCUUCGUAUACGUCGGAGUUCGUUACGAAGGAAGG,.((..((.(((....))).))..))((((((((.(((........)))))))))))....,-22.600000381469727,(((..((.(((....))).))..)))(((((((.(((........)))))))))).....,-22.399999618530273,0.20000076293945312
UACGUCAGAUGCAGUAUAAAUGAACCCCACCCCUCUGGCAGACAGACAUUGGCCC,...((((((((..((........))..))....))))))................,-5.800000190734863,..........................(((....((((.....))))...)))...,-5.400000095367432,0.40000009536743164
AGUGGAAGGUGGUCGUAUUGGGAUGUGGUCCGGCGAUACUCGCACUUCCCCUGAUAGCGCCCUCUUCCACGACCUAUACAAUAUGAUUACCUG,......((((((((((((((((.(((((...((((.((.(((.........))))).)))).....))))).))....)))))))))))))).,-29.700000762939453,......((((((((((((((((.(((((...((((....(((.........)))...)))).....))))).))....)))))))))))))).,-29.700000762939453,0.0
UAAGAAUCGGUUGGGCAGGAGCAUCCCCUCAUUCGUGGGGGUUGGUCUGGGUGAAAUAAAAACUUAUAUGCUUUCCGCUGUGCCUAUGUCAUUGACAGCU,........((..((((((((.(((((((........)))))).).)))((((.........))))...))))).))(((((.............))))).,-24.100000381469727,........((..((((((((.(((((((........))))).)).)))((((.........))))...))))).))(((((.............))))).,-24.100000381469727,0.0
GUAGUAAUCUAUUUCUCGGCGUAUUGACAUUGGACGUAAUAGUGUCUUUUAAAUCUCAUGACUAGCGAAUUACCAAACAAGUGAUUUCCAACCAACAACUAUUGAAGUAGGCCCA,((((....)))).....(((.(((((((((((.......)))))))..................(.(((((((.......))))))).)...(((......))).)))).)))..,-16.0,((((....)))).....(((.(((((((((((.......))))))).......((....))...(.(((((((.......))))))).)...(((......))).)))).)))..,-15.899999618530273,0.10000038146972656
AUUAUGCCCAGGCUAGCGAUGUCACUAAGAUUUCAAUUCACACGGUUACACUAUCAUCGUGUCAUUCGGUCGUAUGAGCAUUCCGAUACAGGGUGCUAAUGCGUUCUCGGGCUAUUACUGCAGA,.....((((........((.(((.....))).)).....(((((((.........))))))).....((.(((((.(((((.((......))))))).))))).))..))))............,-27.899999618530273,.....((((........((.(((.....))).)).....(((((((.........))))))).....((.(((((.((((.(((......))))))).))))).))..))))............,-27.899999618530273,0.0
AUUAUCGGGGGUGCGCUAAUAUUAAGGCUGCAAAUCUGGCGUGUGAUAAGGGAAAAACAUUAUAUGAGCUCCAUCAGACAAAUUCCUUAAGCGUAGCCCAUCAUGUCGUUUCGGCUCUCAUCAC,.......(((.((((((.....(((((.......(((((((((((((...........)))))))).......)))))......))))))))))).))).....((((...)))).........,-26.799999237060547,.......(((.((((((.....(((((.......(((((((((((((...(......))))))))).......)))))......))))))))))).))).....((((...)))).........,-26.5,0.2999992370605469
ACUGAUUCUAUGUCAGGCUCCAGAGAUAUGAGGUGCAAAAAGCGCUGCAGCGUGGUCUGACCAGAUUCGUAAGUUCAGUAGUUUAUGGGUCGGAAUUUUGGACUAAAACCUCUCC,.(((((.....))))).....((((...((.(((((.....))))).))...((((((((((.((((((((((........))))))))))))....))))))))....))))..,-27.899999618530273,.(((((.....)))))......((((..((.(((((.....))))).))...((((((((((.((((((((((........))))))))))))....)))))))).....)))).,-27.899999618530273,0.0
UAGCUGUCCCUUAGGCAGAGUUGGAAGUUAUGACAAGUCCAAUGGGCUACCUAUUGUAGUCUAAUAAUCCACGUAUGUAUU,...(((((.....)))))...((((.((((.(((.....(((((((...)))))))..)))))))..))))..........,-16.799999237060547,...(((((.....)))))(..((((.((((.(((.....(((((((...)))))))..)))))))..))))..).......,-16.399999618530273,0.39999961853027344
CGUCAGACCUCGAGGC,................,0.0,.......((....)).,0.20000000298023224,0.20000000298023224
CAGGCCAGUAAAGCAGGUUCCCUAUCUCCUGCGACCAGACCAAGAACAGGAUUUACCUUGACCAUCUCUUUGAGCGUUUAGUAGACGUGACCCGCC,..(((..((...(((((..........)))))...((((...(((.((((......))))....))).)))).((((((...)))))).))..))),-15.800000190734863,..(((..((...(((((..........)))))...((((...(((.((((......))))....))).)))).(((((.....))))).))..))),-15.600000381469727,0.19999980926513672
CUGGGCGAUUUACAAUAUCUUACAGGUACUCUCAACUUACUUACCCAAACGCGCACACACGAAGGGGACGAUCAGUGCUCGCAGUUCCACCGUUCCCGUU,.((.(((.................((((.............))))....))).))........(((((((......(((...))).....)))))))...,-15.0,.((.(((.(((.............((((.............)))).)))))).))........(((((((......(((...))).....)))))))...,-14.899999618530273,0.10000038146972656
CACGCGACCCUCGGCAGCGGUUCGAAAGGGGGUUGGUCGCCACUUGUUUUCUU,..(((..((...))..)))....(((((.((((.((...)))))).)))))..,-13.600000381469727,..(((..((...))..)))....(((((.(((.(((...)))))).)))))..,-13.600000381469727,0.0
AAGACCGUUUAGGUUUAUUAUUUUGCUUGCCCGUAAAUUCUUGUAUUGAGGUUGUAAGGAU,.(((((.....))))).......(.(((((((...(((......)))..))..))))).).,-9.600000381469727,.(((((.....))))).........(((((((...(((......)))..))..)))))...,-9.300000190734863,0.3000001907348633
ACACAGCUGCCCCAGCCGGUAGUGUAGCCGCCUCCUUCCCUUAUACUAAAAUCGAUGGGCAACAAACUUGACUCGCUCUGACAGUUUCUCAACUAUGGU,.......(((((....(((((((((((.............)))))))...))))..))))).((...((((...(((.....)))...))))...))..,-13.800000190734863,.......(((((.......((((((((.............))))))))........))))).((...((((...(((.....)))...))))...))..,-13.800000190734863,0.0
UGGGUGGGUAUCCUAGCAAAUGUGGAUACCUGACGUGUGAGGCAGAUGUGGGCUAGCUAGAACGCCUAUCUUCCUCGAAUCCCGCGGGUUGACGACUAUAUAUCUCAGGGAUUUCCACG,(((((((((((((..........)))))))).))....((((.((((..((((..........)))))))).))))(((((((..((((............))))..))))))))))..,-37.099998474121094,(((((((((((((..........)))))))).))....((((.(((..(((((..........)))))))).))))(((((((..((((............))))..))))))))))..,-37.0,0.09999847412109375
AUGUUAUGGCUGCCUAGUUCGCUCAUAGUCCAAAGUGUAAAUCAUCAAGACUUGUGAUGAAGAUAAUGCCGACUGAUUCACGUAUAAAGAGCAACAGCAAGGAGUAAUUGGG,........(((.(((.(((.((((.(((((.....(((...((((((.......))))))..))).....))))).............))))...))).)))))).......,-18.0,............(((((((.((((.(((((.....(((...((((((.......))))))..))).....)))))...............((....))...))))))))))),-17.700000762939453,0.2999992370605469
GGGUAAUUUUUUAAGCGCGCGUCGCGGAUUAUAGGUGUGCACGUGUAUACGGCGGCCGUAAAGAUUUUGCGUUUAAAUCUUCCUUAGA,(((......((((((((((.(((((((.......((((((....)))))).....))))...)))..))))))))))....)))....,-22.600000381469727,(((......((((((((((.(((((((.......((((((....)))))).....))))...)))..))))))))))...))).....,-22.399999618530273,0.20000076293945312
AGAGAUUCGUUCCUACUCGUCACGGGAUCCGUACUCGAAAUGGUCGGGGCAGUUCCGGUAGCGAACUUGGUAUUCUGGCCUGCUCGCUUCUGCCAUCACGCUCAUACUUUUGCCUGGGCUAUGACAUU,.(((((..(((((..........)))))..)).)))...((((((.((((((.......((((....(((((....(((......)))..)))))...)))).......)))))).))))))......,-34.70000076293945,.(((...((.((((.........))))..))..)))...((((((.((((((.......((((....(((((....(((......)))..)))))...)))).......)))))).))))))......,-34.70000076293945,0.0
CUUGACGAAAAAGUCGCCAUGGUCGUUAAUUCAUUAGAGCGA,..((((......))))......(((((..........))))),-4.699999809265137,...(((......)))((..((((.(......)))))..))..,-4.599999904632568,0.09999990463256836
CAUCGUUUGCCACACGCCACUAACCAGCCCAUUGCCAAUUC,....(((.((.....((.........)).....)).)))..,-0.10000000149011612,.........................................,0.0,0.10000000149011612
CGGCUGCACGUCUUUGAAGGCGACACGCGGAGGGAGCCUAGAACCAGGCCAGCGACAGAGUGAAUUCGUAUAUAAGUAUUCAGGGCUCUAUCCAAAAGGAGGUCUGGAGCUACAUCGCGCGGAGACUCUCACUCAUCAACGGUCAGAGU,.(((((..(((((....)))))...((((((...((((((((.((...((...((.(((((((((.(........).))))...))))).)).....)).))))))).)))...)).))))(((.......))).....))))).....,-37.400001525878906,.(((((..(((((....)))))...((((((...(((((((.(((...((...((.(((((((((.(........).))))...))))).)).....)).))))))).)))...)).))))(((.......))).....))))).....,-37.400001525878906,0.0
GGCUUCCAACAAUACCACAUAACCCAUGGUCAUACAGCACCGCAAAGCGGUACCCGCUUUACGGUAGCUAUGUAUGAAAUAAACCGCAGCAGACUUAGCCAUCCUAACCACUUGU,((((..........(((.........)))(((((((((((((.(((((((...))))))).)))).)))..))))))...................))))...............,-28.299999237060547,((((..........(((.........)))(((((((((((((.(((((((...))))))).)))).))..)))))))...................))))...............,-28.299999237060547,0.0
